MovieID,MovieTitle,Genre,ReleaseYear,MovieRating,RentalPrice
1,Movie_1,Sci-Fi,2011,PG-13,5.28
2,Movie_2,Action,1990,R,4.59
3,Movie_3,Comedy,1997,PG,4.51
4,Movie_4,Comedy,2018,R,12.63
5,Movie_5,Sci-Fi,2020,PG-13,7.0
6,Movie_6,Adventure,2010,G,6.89
7,Movie_7,Action,1995,PG,5.8
8,Movie_8,Action,1995,PG-13,12.1
9,Movie_9,Adventure,2022,PG-13,8.32
10,Movie_10,Horror,2014,G,3.05
11,Movie_11,Horror,1990,G,7.74
12,Movie_12,Horror,2015,R,10.1
13,Movie_13,Horror,1998,PG,11.74
14,Movie_14,Comedy,2012,R,12.3
15,Movie_15,Action,2007,R,4.34
16,Movie_16,Romance,2016,PG-13,11.52
17,Movie_17,Romance,2017,G,4.46
18,Movie_18,Action,2000,G,5.03
19,Movie_19,Drama,2004,R,6.41
20,Movie_20,Sci-Fi,2012,R,11.65
21,Movie_21,Horror,1993,R,8.53
22,Movie_22,Adventure,2000,PG-13,12.82
23,Movie_23,Horror,2001,PG-13,4.27
24,Movie_24,Romance,2025,PG,8.02
25,Movie_25,Drama,2013,PG-13,3.46
26,Movie_26,Romance,2017,PG-13,6.05
27,Movie_27,Drama,2008,R,6.38
28,Movie_28,Comedy,2002,G,4.1
29,Movie_29,Comedy,1999,R,5.84
30,Movie_30,Horror,2021,G,7.5
31,Movie_31,Adventure,2015,PG,5.42
32,Movie_32,Drama,2000,R,4.69
33,Movie_33,Comedy,2025,R,9.84
34,Movie_34,Adventure,1994,R,6.53
35,Movie_35,Action,2024,G,11.0
36,Movie_36,Action,2014,PG,11.26
37,Movie_37,Drama,2011,PG,3.32
38,Movie_38,Horror,2004,PG-13,10.18
39,Movie_39,Horror,1999,PG-13,9.23
40,Movie_40,Comedy,2011,PG,11.8
41,Movie_41,Action,1992,G,8.14
42,Movie_42,Romance,2015,R,7.73
43,Movie_43,Drama,2022,G,11.42
44,Movie_44,Drama,2001,PG-13,5.53
45,Movie_45,Romance,2013,PG-13,5.61
46,Movie_46,Action,2024,PG,11.18
47,Movie_47,Drama,1994,R,9.02
48,Movie_48,Comedy,2018,G,3.15
49,Movie_49,Romance,2010,PG,9.43
50,Movie_50,Action,1999,R,12.59
51,Movie_51,Horror,2006,R,11.03
52,Movie_52,Horror,2017,PG,11.84
53,Movie_53,Adventure,1993,PG-13,12.92
54,Movie_54,Drama,2020,PG,11.37
55,Movie_55,Action,2007,R,9.8
56,Movie_56,Drama,2014,PG,3.35
57,Movie_57,Action,2024,R,10.09
58,Movie_58,Comedy,2007,PG,12.04
59,Movie_59,Adventure,2025,PG,8.91
60,Movie_60,Comedy,2023,PG,5.37
61,Movie_61,Adventure,1996,PG,12.75
62,Movie_62,Romance,2025,R,3.29
63,Movie_63,Adventure,2000,PG,12.82
64,Movie_64,Horror,2022,G,10.11
65,Movie_65,Horror,2003,PG,4.45
66,Movie_66,Action,1997,G,4.84
67,Movie_67,Comedy,1990,G,3.62
68,Movie_68,Horror,2014,R,7.33
69,Movie_69,Action,1992,G,8.07
70,Movie_70,Romance,2025,R,10.14
71,Movie_71,Action,1990,G,11.17
72,Movie_72,Comedy,2013,R,10.96
73,Movie_73,Drama,1993,PG,11.97
74,Movie_74,Drama,2010,PG,9.4
75,Movie_75,Action,2022,G,10.85
76,Movie_76,Drama,2016,PG,4.94
77,Movie_77,Drama,2016,PG-13,11.31
78,Movie_78,Adventure,1996,G,3.03
79,Movie_79,Romance,1991,R,11.34
80,Movie_80,Sci-Fi,2001,G,6.69
81,Movie_81,Adventure,2007,PG-13,12.51
82,Movie_82,Horror,2014,R,11.33
83,Movie_83,Drama,1991,G,7.35
84,Movie_84,Romance,2014,R,5.68
85,Movie_85,Action,1990,R,12.15
86,Movie_86,Drama,1995,G,10.03
87,Movie_87,Comedy,2008,G,11.07
88,Movie_88,Horror,2010,G,6.98
89,Movie_89,Adventure,2007,R,3.41
90,Movie_90,Horror,1990,PG-13,10.72
91,Movie_91,Adventure,2002,R,7.19
92,Movie_92,Comedy,2008,PG,6.77
93,Movie_93,Romance,2015,PG,6.87
94,Movie_94,Sci-Fi,1990,PG,8.39
95,Movie_95,Horror,2025,G,7.71
96,Movie_96,Romance,2021,G,6.63
97,Movie_97,Drama,2017,PG,6.62
98,Movie_98,Adventure,1994,R,11.96
99,Movie_99,Action,2005,PG,3.21
100,Movie_100,Action,1998,R,11.8
101,Movie_101,Adventure,2012,R,11.48
102,Movie_102,Romance,2023,PG,6.79
103,Movie_103,Drama,1995,G,10.6
104,Movie_104,Horror,2013,PG,12.4
105,Movie_105,Adventure,2019,PG-13,6.35
106,Movie_106,Drama,1997,R,7.86
107,Movie_107,Drama,1995,PG,7.87
108,Movie_108,Sci-Fi,2001,G,3.96
109,Movie_109,Romance,2025,PG,5.79
110,Movie_110,Horror,2015,PG,7.35
111,Movie_111,Comedy,2000,PG,9.02
112,Movie_112,Sci-Fi,2011,G,7.48
113,Movie_113,Adventure,2006,PG-13,5.65
114,Movie_114,Comedy,1996,PG-13,9.8
115,Movie_115,Drama,2021,G,6.18
116,Movie_116,Adventure,2022,PG,3.02
117,Movie_117,Horror,1999,PG,11.44
118,Movie_118,Drama,2021,G,10.09
119,Movie_119,Action,1993,G,9.31
120,Movie_120,Comedy,2011,R,5.74
121,Movie_121,Action,2019,PG,5.1
122,Movie_122,Comedy,2007,R,12.91
123,Movie_123,Horror,2000,PG-13,11.86
124,Movie_124,Adventure,2007,G,3.57
125,Movie_125,Sci-Fi,2023,PG,4.6
126,Movie_126,Drama,2018,PG,3.89
127,Movie_127,Sci-Fi,1994,R,12.41
128,Movie_128,Horror,2013,G,7.8
129,Movie_129,Action,2012,G,3.9
130,Movie_130,Horror,2013,G,9.09
131,Movie_131,Adventure,2019,G,12.8
132,Movie_132,Romance,1995,PG-13,4.85
133,Movie_133,Action,1992,PG-13,5.26
134,Movie_134,Adventure,2018,G,11.2
135,Movie_135,Comedy,2002,G,3.32
136,Movie_136,Action,2017,PG-13,9.79
137,Movie_137,Action,2020,PG-13,12.05
138,Movie_138,Adventure,1995,PG-13,8.61
139,Movie_139,Drama,2008,PG,11.1
140,Movie_140,Comedy,2023,R,7.12
141,Movie_141,Horror,2003,R,6.44
142,Movie_142,Horror,2006,PG-13,12.56
143,Movie_143,Adventure,1997,R,11.35
144,Movie_144,Action,2022,PG,12.76
145,Movie_145,Comedy,2009,G,5.12
146,Movie_146,Adventure,1994,G,5.57
147,Movie_147,Action,1999,PG-13,10.74
148,Movie_148,Romance,2015,PG,9.84
149,Movie_149,Action,2019,PG-13,5.12
150,Movie_150,Adventure,2013,R,5.55
151,Movie_151,Adventure,2005,PG-13,11.7
152,Movie_152,Comedy,2016,G,7.05
153,Movie_153,Drama,2024,R,3.38
154,Movie_154,Sci-Fi,2018,PG,8.87
155,Movie_155,Comedy,2006,PG-13,12.3
156,Movie_156,Horror,2002,PG-13,12.67
157,Movie_157,Drama,2004,R,12.2
158,Movie_158,Adventure,2009,R,12.14
159,Movie_159,Horror,1993,PG-13,6.33
160,Movie_160,Sci-Fi,2018,PG-13,10.04
161,Movie_161,Sci-Fi,2013,R,9.19
162,Movie_162,Drama,1995,PG-13,12.6
163,Movie_163,Comedy,2003,PG,10.28
164,Movie_164,Action,1992,PG-13,12.01
165,Movie_165,Drama,1996,G,7.92
166,Movie_166,Romance,2009,G,9.65
167,Movie_167,Horror,1996,PG,3.99
168,Movie_168,Action,1996,R,10.78
169,Movie_169,Sci-Fi,1996,G,4.41
170,Movie_170,Adventure,2008,R,9.81
171,Movie_171,Action,2001,PG,9.33
172,Movie_172,Sci-Fi,2013,PG,6.14
173,Movie_173,Drama,1995,PG,12.97
174,Movie_174,Action,1998,PG,7.37
175,Movie_175,Drama,2012,G,3.1
176,Movie_176,Adventure,2016,G,3.78
177,Movie_177,Action,2011,PG,11.62
178,Movie_178,Comedy,2012,PG-13,7.39
179,Movie_179,Horror,2011,G,7.37
180,Movie_180,Action,2021,G,10.64
181,Movie_181,Romance,2002,PG,7.63
182,Movie_182,Horror,1993,PG-13,10.07
183,Movie_183,Horror,2013,G,12.12
184,Movie_184,Romance,1994,G,3.09
185,Movie_185,Sci-Fi,2008,PG,12.69
186,Movie_186,Adventure,1990,PG,9.89
187,Movie_187,Horror,1997,G,5.76
188,Movie_188,Comedy,1992,PG,7.27
189,Movie_189,Horror,2008,G,3.71
190,Movie_190,Drama,1996,PG,12.89
191,Movie_191,Drama,2001,PG-13,6.45
192,Movie_192,Adventure,2005,PG-13,9.85
193,Movie_193,Drama,1999,G,6.6
194,Movie_194,Action,1992,G,7.07
195,Movie_195,Sci-Fi,1990,G,6.97
196,Movie_196,Sci-Fi,2025,G,3.73
197,Movie_197,Sci-Fi,2018,R,5.62
198,Movie_198,Adventure,2005,R,8.0
199,Movie_199,Romance,1998,PG,9.61
200,Movie_200,Horror,2008,PG-13,8.8
201,Movie_201,Drama,2004,G,3.02
202,Movie_202,Sci-Fi,2019,R,10.58
203,Movie_203,Adventure,2000,PG-13,6.27
204,Movie_204,Comedy,2000,PG-13,11.27
205,Movie_205,Action,2021,PG,12.84
206,Movie_206,Drama,2006,PG,11.98
207,Movie_207,Comedy,2008,G,7.58
208,Movie_208,Drama,2001,G,9.27
209,Movie_209,Romance,1999,PG,10.88
210,Movie_210,Drama,2011,G,3.69
211,Movie_211,Romance,1992,G,9.42
212,Movie_212,Sci-Fi,1992,PG-13,5.43
213,Movie_213,Romance,2024,R,8.09
214,Movie_214,Comedy,1990,PG,11.85
215,Movie_215,Action,1995,R,6.92
216,Movie_216,Comedy,1998,G,5.81
217,Movie_217,Romance,2011,R,6.33
218,Movie_218,Horror,2025,R,6.22
219,Movie_219,Horror,2001,G,4.7
220,Movie_220,Romance,2017,PG-13,4.66
221,Movie_221,Action,2004,PG,7.18
222,Movie_222,Adventure,2001,G,11.84
223,Movie_223,Comedy,2019,PG-13,6.53
224,Movie_224,Comedy,1994,PG-13,7.61
225,Movie_225,Sci-Fi,1991,PG,3.0
226,Movie_226,Sci-Fi,1997,G,11.0
227,Movie_227,Adventure,2000,PG,10.13
228,Movie_228,Horror,1990,PG,4.88
229,Movie_229,Romance,2000,G,9.46
230,Movie_230,Horror,2000,G,6.52
231,Movie_231,Horror,1997,R,10.22
232,Movie_232,Romance,2013,G,7.33
233,Movie_233,Adventure,1997,R,5.1
234,Movie_234,Drama,2011,G,10.29
235,Movie_235,Drama,2019,R,4.66
236,Movie_236,Romance,1996,R,8.55
237,Movie_237,Action,1993,PG-13,12.16
238,Movie_238,Sci-Fi,2024,PG,3.66
239,Movie_239,Sci-Fi,1999,R,11.98
240,Movie_240,Adventure,2022,PG-13,6.31
241,Movie_241,Drama,1993,G,12.94
242,Movie_242,Comedy,2000,R,4.62
243,Movie_243,Action,2001,PG,9.14
244,Movie_244,Horror,1998,PG,4.34
245,Movie_245,Comedy,1993,PG-13,3.88
246,Movie_246,Drama,2021,PG-13,9.54
247,Movie_247,Romance,1998,G,3.65
248,Movie_248,Drama,2002,G,9.72
249,Movie_249,Romance,1990,PG,3.35
250,Movie_250,Comedy,1993,PG-13,12.36
251,Movie_251,Romance,1999,PG,11.51
252,Movie_252,Comedy,2018,R,6.58
253,Movie_253,Comedy,1996,PG,6.72
254,Movie_254,Comedy,1992,PG,8.02
255,Movie_255,Sci-Fi,2011,G,7.06
256,Movie_256,Sci-Fi,2002,G,9.81
257,Movie_257,Adventure,1993,PG-13,10.14
258,Movie_258,Horror,2004,R,7.56
259,Movie_259,Drama,2015,G,9.1
260,Movie_260,Comedy,1998,G,9.83
261,Movie_261,Romance,2000,G,7.15
262,Movie_262,Adventure,1994,R,5.98
263,Movie_263,Adventure,1992,PG,8.81
264,Movie_264,Horror,2003,G,12.43
265,Movie_265,Action,2006,PG,11.41
266,Movie_266,Romance,2024,PG-13,3.66
267,Movie_267,Sci-Fi,2015,PG,4.5
268,Movie_268,Action,2002,G,7.19
269,Movie_269,Action,2022,G,6.66
270,Movie_270,Horror,2013,R,11.4
271,Movie_271,Sci-Fi,2019,G,6.82
272,Movie_272,Romance,2015,PG,3.83
273,Movie_273,Horror,2015,PG-13,6.61
274,Movie_274,Drama,2008,PG-13,6.0
275,Movie_275,Action,2018,R,6.91
276,Movie_276,Comedy,2009,PG,10.16
277,Movie_277,Horror,2016,PG-13,3.08
278,Movie_278,Romance,2014,PG,7.53
279,Movie_279,Comedy,2000,R,4.34
280,Movie_280,Adventure,1997,G,5.95
281,Movie_281,Comedy,2006,PG,10.85
282,Movie_282,Romance,1998,PG-13,12.4
283,Movie_283,Horror,2010,PG-13,9.73
284,Movie_284,Action,2022,G,8.33
285,Movie_285,Sci-Fi,1996,R,4.47
286,Movie_286,Comedy,2009,G,9.57
287,Movie_287,Horror,2014,PG-13,5.2
288,Movie_288,Horror,2011,PG,11.86
289,Movie_289,Romance,2008,R,12.73
290,Movie_290,Comedy,2013,G,6.64
291,Movie_291,Comedy,2004,PG,5.6
292,Movie_292,Comedy,1992,PG,3.77
293,Movie_293,Romance,2013,R,7.05
294,Movie_294,Drama,2007,PG-13,11.63
295,Movie_295,Adventure,2014,PG-13,7.98
296,Movie_296,Adventure,2019,R,8.86
297,Movie_297,Romance,2007,PG-13,12.46
298,Movie_298,Drama,2005,R,6.7
299,Movie_299,Sci-Fi,2007,R,6.86
300,Movie_300,Romance,2022,R,12.61
301,Movie_301,Action,2017,PG,12.05
302,Movie_302,Comedy,1995,PG,6.42
303,Movie_303,Drama,1991,G,8.72
304,Movie_304,Adventure,2009,G,11.14
305,Movie_305,Comedy,2015,PG,6.22
306,Movie_306,Drama,2014,R,6.01
307,Movie_307,Sci-Fi,2001,G,11.52
308,Movie_308,Comedy,1990,R,11.69
309,Movie_309,Drama,1998,PG,6.67
310,Movie_310,Romance,1997,PG-13,4.81
311,Movie_311,Action,2008,G,12.97
312,Movie_312,Drama,2024,PG,5.47
313,Movie_313,Comedy,2016,G,6.0
314,Movie_314,Drama,2009,PG,10.17
315,Movie_315,Action,2018,R,5.19
316,Movie_316,Adventure,2019,PG,4.03
317,Movie_317,Romance,1991,G,8.33
318,Movie_318,Romance,1997,R,12.39
319,Movie_319,Adventure,2012,PG,4.41
320,Movie_320,Action,1995,PG-13,10.29
321,Movie_321,Sci-Fi,1995,PG-13,6.17
322,Movie_322,Comedy,2013,PG-13,10.38
323,Movie_323,Comedy,2017,R,5.59
324,Movie_324,Adventure,2021,G,4.11
325,Movie_325,Comedy,2000,G,9.91
326,Movie_326,Sci-Fi,2011,PG,5.22
327,Movie_327,Sci-Fi,2019,R,4.31
328,Movie_328,Sci-Fi,2015,PG-13,7.06
329,Movie_329,Comedy,2019,G,4.1
330,Movie_330,Action,1992,PG-13,11.14
331,Movie_331,Adventure,2018,G,3.24
332,Movie_332,Drama,2010,G,3.35
333,Movie_333,Comedy,2020,PG,10.28
334,Movie_334,Action,2009,PG,6.19
335,Movie_335,Romance,2002,G,7.24
336,Movie_336,Horror,2009,PG,12.67
337,Movie_337,Romance,1997,PG,10.62
338,Movie_338,Horror,1995,R,12.92
339,Movie_339,Action,2002,G,4.97
340,Movie_340,Horror,2012,PG-13,10.08
341,Movie_341,Horror,2015,PG,12.05
342,Movie_342,Action,2001,R,10.83
343,Movie_343,Drama,1998,PG-13,12.65
344,Movie_344,Drama,2003,PG,4.47
345,Movie_345,Comedy,2018,PG,9.98
346,Movie_346,Comedy,2023,PG,3.0
347,Movie_347,Drama,2020,PG,10.81
348,Movie_348,Comedy,1998,PG,7.22
349,Movie_349,Action,2022,PG-13,12.71
350,Movie_350,Sci-Fi,2015,G,12.06
351,Movie_351,Horror,2019,G,8.1
352,Movie_352,Sci-Fi,2021,G,10.63
353,Movie_353,Adventure,2000,PG,6.8
354,Movie_354,Action,1990,R,4.24
355,Movie_355,Sci-Fi,1996,PG-13,9.44
356,Movie_356,Adventure,2025,PG,11.92
357,Movie_357,Horror,2025,PG,10.05
358,Movie_358,Adventure,2021,R,12.22
359,Movie_359,Adventure,2006,PG-13,10.78
360,Movie_360,Sci-Fi,2002,PG-13,7.42
361,Movie_361,Drama,1998,PG,5.09
362,Movie_362,Comedy,1999,PG,12.51
363,Movie_363,Romance,2022,G,9.34
364,Movie_364,Adventure,2008,PG-13,12.96
365,Movie_365,Drama,2025,PG,10.16
366,Movie_366,Romance,2001,PG,10.33
367,Movie_367,Drama,2015,G,6.76
368,Movie_368,Adventure,2011,PG,6.71
369,Movie_369,Action,2014,PG,11.32
370,Movie_370,Romance,2020,PG,3.66
371,Movie_371,Romance,1997,G,5.71
372,Movie_372,Romance,2021,PG-13,4.04
373,Movie_373,Comedy,1990,R,9.68
374,Movie_374,Comedy,2025,PG-13,10.71
375,Movie_375,Romance,2025,PG-13,4.47
376,Movie_376,Romance,1994,PG,10.74
377,Movie_377,Comedy,2015,G,8.08
378,Movie_378,Drama,2015,PG,8.7
379,Movie_379,Romance,2020,PG-13,6.85
380,Movie_380,Drama,2007,R,3.44
381,Movie_381,Drama,2006,G,10.98
382,Movie_382,Romance,1994,PG-13,3.85
383,Movie_383,Romance,2007,G,3.76
384,Movie_384,Adventure,2011,PG-13,7.27
385,Movie_385,Action,1995,R,8.91
386,Movie_386,Comedy,2010,R,8.46
387,Movie_387,Drama,2001,G,7.76
388,Movie_388,Action,1998,G,5.53
389,Movie_389,Sci-Fi,2000,G,3.7
390,Movie_390,Adventure,2021,G,4.35
391,Movie_391,Romance,1995,PG,6.06
392,Movie_392,Comedy,2005,R,12.05
393,Movie_393,Horror,2015,R,8.31
394,Movie_394,Romance,2019,R,3.35
395,Movie_395,Horror,2020,PG,3.73
396,Movie_396,Sci-Fi,2021,R,5.3
397,Movie_397,Adventure,2001,PG,7.37
398,Movie_398,Sci-Fi,1991,R,12.58
399,Movie_399,Romance,2023,R,9.48
400,Movie_400,Sci-Fi,2012,PG,11.4
401,Movie_401,Comedy,2009,PG,4.14
402,Movie_402,Action,2014,PG-13,6.08
403,Movie_403,Action,2022,PG-13,4.81
404,Movie_404,Action,1999,G,4.58
405,Movie_405,Horror,1994,PG-13,11.41
406,Movie_406,Adventure,2012,R,11.07
407,Movie_407,Drama,2008,R,10.99
408,Movie_408,Drama,2020,G,10.1
409,Movie_409,Action,1998,R,12.67
410,Movie_410,Sci-Fi,2015,PG-13,6.08
411,Movie_411,Romance,2017,R,7.0
412,Movie_412,Horror,2018,R,12.22
413,Movie_413,Action,2016,PG,6.85
414,Movie_414,Drama,2017,G,5.56
415,Movie_415,Drama,1992,G,7.06
416,Movie_416,Drama,2010,PG,7.69
417,Movie_417,Action,2014,PG-13,8.64
418,Movie_418,Horror,2001,R,7.4
419,Movie_419,Action,2012,PG,8.68
420,Movie_420,Sci-Fi,2004,PG-13,5.05
421,Movie_421,Romance,2013,R,10.18
422,Movie_422,Comedy,2013,PG-13,4.09
423,Movie_423,Horror,2000,R,7.13
424,Movie_424,Comedy,2017,PG-13,5.34
425,Movie_425,Action,2010,PG-13,12.15
426,Movie_426,Horror,2025,PG-13,9.11
427,Movie_427,Drama,2008,R,9.56
428,Movie_428,Comedy,2009,PG-13,10.53
429,Movie_429,Adventure,2008,PG,6.06
430,Movie_430,Drama,1994,PG-13,9.11
431,Movie_431,Sci-Fi,2005,PG,11.33
432,Movie_432,Adventure,2006,PG-13,8.77
433,Movie_433,Drama,2004,PG-13,11.76
434,Movie_434,Drama,1991,PG,4.45
435,Movie_435,Action,2011,R,4.27
436,Movie_436,Romance,2020,PG,12.87
437,Movie_437,Romance,2024,PG-13,3.99
438,Movie_438,Comedy,1996,G,12.97
439,Movie_439,Adventure,2018,PG,3.6
440,Movie_440,Comedy,1997,R,10.61
441,Movie_441,Sci-Fi,2010,PG-13,11.98
442,Movie_442,Horror,2012,PG,5.86
443,Movie_443,Romance,2016,PG-13,6.36
444,Movie_444,Adventure,1998,PG,3.36
445,Movie_445,Action,1992,PG-13,5.77
446,Movie_446,Sci-Fi,2009,R,12.28
447,Movie_447,Comedy,2004,G,11.22
448,Movie_448,Comedy,2012,G,4.35
449,Movie_449,Action,2003,R,6.32
450,Movie_450,Sci-Fi,2012,R,4.89
451,Movie_451,Horror,2011,R,12.63
452,Movie_452,Horror,2017,G,12.22
453,Movie_453,Horror,2003,G,5.6
454,Movie_454,Drama,2025,PG-13,4.88
455,Movie_455,Romance,2010,R,6.87
456,Movie_456,Action,1994,PG,12.34
457,Movie_457,Horror,2013,G,11.84
458,Movie_458,Drama,2001,PG,11.28
459,Movie_459,Comedy,1998,G,11.57
460,Movie_460,Comedy,2009,R,5.92
461,Movie_461,Drama,2016,PG,9.55
462,Movie_462,Action,2009,PG,9.62
463,Movie_463,Romance,2016,R,10.8
464,Movie_464,Horror,1991,G,8.51
465,Movie_465,Romance,2010,PG,8.68
466,Movie_466,Drama,2014,G,4.52
467,Movie_467,Adventure,1995,R,7.37
468,Movie_468,Drama,1994,R,5.62
469,Movie_469,Action,2009,PG,11.4
470,Movie_470,Action,1999,PG,8.36
471,Movie_471,Adventure,2013,G,4.62
472,Movie_472,Adventure,2025,PG-13,7.21
473,Movie_473,Drama,2001,R,10.51
474,Movie_474,Romance,2000,PG,5.0
475,Movie_475,Horror,1999,PG,3.08
476,Movie_476,Action,1998,PG-13,7.0
477,Movie_477,Action,2003,PG,11.77
478,Movie_478,Comedy,1991,PG,4.96
479,Movie_479,Sci-Fi,2019,R,3.67
480,Movie_480,Romance,1997,R,10.82
481,Movie_481,Drama,1990,R,11.55
482,Movie_482,Comedy,2020,PG-13,10.5
483,Movie_483,Drama,2005,G,4.73
484,Movie_484,Romance,2013,PG,3.55
485,Movie_485,Comedy,2004,PG-13,11.15
486,Movie_486,Comedy,2005,G,5.16
487,Movie_487,Romance,1998,G,4.26
488,Movie_488,Drama,2019,G,12.46
489,Movie_489,Adventure,1991,G,7.53
490,Movie_490,Comedy,2000,PG,5.92
491,Movie_491,Drama,1993,R,11.13
492,Movie_492,Romance,2016,PG-13,9.6
493,Movie_493,Horror,2019,G,11.31
494,Movie_494,Sci-Fi,2021,PG-13,11.24
495,Movie_495,Sci-Fi,1996,PG,12.25
496,Movie_496,Action,2014,PG-13,9.39
497,Movie_497,Comedy,2024,R,4.53
498,Movie_498,Romance,2020,PG,6.38
499,Movie_499,Adventure,1994,PG,4.55
500,Movie_500,Horror,1992,PG-13,6.84
501,Movie_501,Adventure,2024,PG-13,10.12
502,Movie_502,Horror,1999,PG,7.84
503,Movie_503,Romance,2002,R,8.72
504,Movie_504,Action,2001,G,4.29
505,Movie_505,Action,1993,G,8.3
506,Movie_506,Horror,1992,PG,9.96
507,Movie_507,Romance,2025,R,11.06
508,Movie_508,Romance,1993,G,7.53
509,Movie_509,Action,2021,PG-13,9.93
510,Movie_510,Adventure,2004,PG,6.52
511,Movie_511,Horror,2006,PG-13,4.77
512,Movie_512,Drama,1997,R,4.01
513,Movie_513,Comedy,1999,R,12.44
514,Movie_514,Romance,2006,PG,5.19
515,Movie_515,Sci-Fi,2001,PG,3.2
516,Movie_516,Adventure,2008,PG,4.43
517,Movie_517,Sci-Fi,2001,R,9.78
518,Movie_518,Romance,2006,R,11.49
519,Movie_519,Comedy,2002,G,9.91
520,Movie_520,Adventure,2002,PG,12.75
521,Movie_521,Drama,2009,R,11.76
522,Movie_522,Adventure,1991,PG-13,8.01
523,Movie_523,Horror,2021,PG-13,3.11
524,Movie_524,Sci-Fi,1991,PG,3.09
525,Movie_525,Drama,2014,PG-13,3.7
526,Movie_526,Adventure,2010,PG,10.87
527,Movie_527,Sci-Fi,2021,PG-13,9.23
528,Movie_528,Comedy,2015,R,9.34
529,Movie_529,Comedy,2000,PG-13,7.13
530,Movie_530,Drama,2001,R,12.2
531,Movie_531,Sci-Fi,2010,PG,4.59
532,Movie_532,Drama,1999,G,7.17
533,Movie_533,Sci-Fi,2012,G,4.41
534,Movie_534,Horror,1998,G,9.53
535,Movie_535,Horror,2000,PG,8.92
536,Movie_536,Action,1994,PG-13,12.23
537,Movie_537,Adventure,2016,PG,3.41
538,Movie_538,Horror,2010,PG-13,10.56
539,Movie_539,Romance,2015,PG,7.35
540,Movie_540,Sci-Fi,1999,R,4.71
541,Movie_541,Horror,2008,PG,3.42
542,Movie_542,Sci-Fi,1994,PG-13,9.62
543,Movie_543,Horror,2022,G,9.45
544,Movie_544,Horror,2011,G,4.94
545,Movie_545,Romance,1996,PG,9.54
546,Movie_546,Adventure,1992,G,5.72
547,Movie_547,Horror,2004,PG,3.63
548,Movie_548,Romance,1995,PG,11.5
549,Movie_549,Action,2001,G,6.71
550,Movie_550,Drama,2022,G,10.1
551,Movie_551,Horror,1999,R,8.42
552,Movie_552,Horror,2021,R,5.97
553,Movie_553,Action,1996,G,8.3
554,Movie_554,Drama,2025,G,6.88
555,Movie_555,Drama,1998,G,3.42
556,Movie_556,Sci-Fi,2001,R,7.41
557,Movie_557,Horror,2020,PG,11.31
558,Movie_558,Horror,2010,R,9.37
559,Movie_559,Drama,2015,PG-13,10.74
560,Movie_560,Action,2017,PG,5.17
561,Movie_561,Romance,2001,G,9.1
562,Movie_562,Romance,2017,PG,4.78
563,Movie_563,Comedy,2001,G,6.05
564,Movie_564,Action,1992,PG-13,4.62
565,Movie_565,Drama,2024,PG,10.95
566,Movie_566,Action,2008,R,12.37
567,Movie_567,Horror,1997,G,7.7
568,Movie_568,Horror,2018,PG,11.24
569,Movie_569,Sci-Fi,2007,G,9.51
570,Movie_570,Horror,2002,G,10.34
571,Movie_571,Action,1993,PG,11.74
572,Movie_572,Sci-Fi,2016,G,10.37
573,Movie_573,Romance,2000,G,3.61
574,Movie_574,Drama,2002,PG,8.38
575,Movie_575,Comedy,2024,R,4.88
576,Movie_576,Action,1990,PG-13,9.31
577,Movie_577,Drama,2001,PG-13,5.43
578,Movie_578,Horror,2005,G,12.34
579,Movie_579,Horror,2000,R,11.41
580,Movie_580,Horror,2000,G,3.59
581,Movie_581,Sci-Fi,2024,R,4.63
582,Movie_582,Sci-Fi,2017,PG,11.57
583,Movie_583,Comedy,2025,PG,11.81
584,Movie_584,Horror,2014,PG,5.13
585,Movie_585,Sci-Fi,2016,G,8.05
586,Movie_586,Romance,1997,R,4.76
587,Movie_587,Sci-Fi,1996,PG,7.33
588,Movie_588,Drama,1996,G,12.72
589,Movie_589,Comedy,1999,PG,5.0
590,Movie_590,Comedy,1999,G,9.72
591,Movie_591,Adventure,2022,PG,6.48
592,Movie_592,Comedy,2019,G,8.27
593,Movie_593,Drama,1991,R,12.52
594,Movie_594,Sci-Fi,2021,R,3.94
595,Movie_595,Action,2017,PG-13,11.25
596,Movie_596,Comedy,1990,G,11.55
597,Movie_597,Adventure,2007,PG,10.69
598,Movie_598,Horror,1998,R,9.06
599,Movie_599,Sci-Fi,1997,R,12.17
600,Movie_600,Romance,1997,PG-13,12.69
601,Movie_601,Sci-Fi,2024,PG,8.4
602,Movie_602,Drama,2012,R,4.77
603,Movie_603,Romance,1991,PG,10.0
604,Movie_604,Sci-Fi,2013,R,8.33
605,Movie_605,Adventure,2000,PG-13,8.74
606,Movie_606,Action,1998,PG-13,7.47
607,Movie_607,Drama,2022,PG,6.42
608,Movie_608,Comedy,2007,R,9.27
609,Movie_609,Action,2018,PG-13,11.86
610,Movie_610,Horror,1991,R,5.67
611,Movie_611,Sci-Fi,1999,R,7.22
612,Movie_612,Drama,1994,R,8.73
613,Movie_613,Sci-Fi,2021,G,8.61
614,Movie_614,Horror,2019,PG-13,9.85
615,Movie_615,Sci-Fi,2006,PG-13,9.85
616,Movie_616,Adventure,2008,R,5.75
617,Movie_617,Horror,2002,PG-13,4.12
618,Movie_618,Sci-Fi,2005,PG-13,11.38
619,Movie_619,Horror,2011,PG,6.98
620,Movie_620,Horror,2024,G,12.96
621,Movie_621,Drama,2024,G,5.64
622,Movie_622,Drama,1990,PG,9.62
623,Movie_623,Horror,2015,G,6.26
624,Movie_624,Comedy,1997,G,4.63
625,Movie_625,Comedy,2019,G,6.96
626,Movie_626,Drama,2025,G,3.17
627,Movie_627,Horror,2001,PG-13,8.34
628,Movie_628,Drama,2012,G,10.69
629,Movie_629,Action,2025,PG,11.74
630,Movie_630,Adventure,1992,PG-13,7.81
631,Movie_631,Romance,2024,PG,9.18
632,Movie_632,Romance,2020,PG-13,11.32
633,Movie_633,Romance,1996,PG-13,7.15
634,Movie_634,Adventure,2005,G,4.48
635,Movie_635,Sci-Fi,2013,G,3.46
636,Movie_636,Comedy,1992,PG-13,10.19
637,Movie_637,Adventure,2015,G,8.91
638,Movie_638,Adventure,2012,PG,3.16
639,Movie_639,Drama,2014,PG-13,3.96
640,Movie_640,Drama,2002,R,12.78
641,Movie_641,Romance,2008,R,7.48
642,Movie_642,Action,2022,R,12.13
643,Movie_643,Action,1997,R,4.61
644,Movie_644,Romance,1992,G,4.12
645,Movie_645,Adventure,2003,R,6.71
646,Movie_646,Romance,1997,G,5.3
647,Movie_647,Drama,2009,PG-13,4.31
648,Movie_648,Horror,1992,R,7.83
649,Movie_649,Romance,2011,R,8.58
650,Movie_650,Sci-Fi,2013,PG,6.0
651,Movie_651,Action,2014,PG,10.86
652,Movie_652,Comedy,1997,PG-13,12.09
653,Movie_653,Horror,2017,R,4.36
654,Movie_654,Sci-Fi,2001,PG,12.38
655,Movie_655,Comedy,1997,G,6.31
656,Movie_656,Comedy,2008,R,10.92
657,Movie_657,Drama,2021,PG-13,7.79
658,Movie_658,Sci-Fi,2009,PG-13,9.84
659,Movie_659,Drama,2013,PG,9.0
660,Movie_660,Drama,2000,G,11.47
661,Movie_661,Adventure,2004,PG,6.12
662,Movie_662,Sci-Fi,1995,PG,5.86
663,Movie_663,Romance,2012,PG,4.01
664,Movie_664,Romance,1993,G,10.4
665,Movie_665,Sci-Fi,1998,PG,12.46
666,Movie_666,Adventure,1994,R,5.36
667,Movie_667,Adventure,1999,R,7.94
668,Movie_668,Sci-Fi,2007,PG,9.16
669,Movie_669,Horror,2010,PG-13,8.53
670,Movie_670,Comedy,2001,PG-13,4.69
671,Movie_671,Adventure,2012,PG,10.12
672,Movie_672,Drama,1996,R,4.15
673,Movie_673,Horror,2010,R,6.67
674,Movie_674,Action,2018,G,3.54
675,Movie_675,Action,2023,G,6.62
676,Movie_676,Horror,1995,PG-13,7.47
677,Movie_677,Drama,2007,R,5.29
678,Movie_678,Drama,2003,PG-13,10.71
679,Movie_679,Drama,2018,PG-13,4.11
680,Movie_680,Adventure,2019,G,6.55
681,Movie_681,Drama,2019,PG,5.59
682,Movie_682,Adventure,2003,G,6.32
683,Movie_683,Sci-Fi,2022,G,5.21
684,Movie_684,Action,2023,PG,7.2
685,Movie_685,Adventure,1994,PG,5.39
686,Movie_686,Romance,2023,PG,7.26
687,Movie_687,Action,2022,R,8.05
688,Movie_688,Comedy,2025,G,6.52
689,Movie_689,Comedy,2020,R,4.95
690,Movie_690,Drama,2025,R,4.83
691,Movie_691,Romance,1994,PG-13,4.81
692,Movie_692,Sci-Fi,2009,R,6.26
693,Movie_693,Romance,2003,PG-13,10.28
694,Movie_694,Sci-Fi,2022,G,4.01
695,Movie_695,Horror,1996,PG-13,7.24
696,Movie_696,Sci-Fi,2002,PG-13,5.78
697,Movie_697,Sci-Fi,2021,G,10.34
698,Movie_698,Sci-Fi,2014,PG,8.91
699,Movie_699,Sci-Fi,1994,PG-13,5.23
700,Movie_700,Adventure,2015,PG,8.87
701,Movie_701,Horror,2006,R,9.28
702,Movie_702,Sci-Fi,2006,PG-13,3.52
703,Movie_703,Horror,1991,G,4.11
704,Movie_704,Horror,2025,PG-13,7.79
705,Movie_705,Horror,1991,PG,11.32
706,Movie_706,Romance,2011,PG,3.94
707,Movie_707,Action,2024,R,9.63
708,Movie_708,Drama,2008,PG,9.5
709,Movie_709,Sci-Fi,2007,PG-13,9.18
710,Movie_710,Adventure,2019,PG-13,7.37
711,Movie_711,Horror,2013,R,6.28
712,Movie_712,Romance,2012,PG,12.44
713,Movie_713,Romance,1997,G,4.78
714,Movie_714,Action,2018,R,10.3
715,Movie_715,Horror,1994,PG,5.98
716,Movie_716,Horror,2002,R,11.98
717,Movie_717,Sci-Fi,1990,PG-13,10.5
718,Movie_718,Horror,2009,PG-13,12.24
719,Movie_719,Adventure,1996,PG-13,10.94
720,Movie_720,Comedy,2017,R,10.6
721,Movie_721,Comedy,2023,R,12.81
722,Movie_722,Action,1995,PG,10.25
723,Movie_723,Romance,1991,PG,8.27
724,Movie_724,Drama,2017,G,10.74
725,Movie_725,Horror,2005,R,11.33
726,Movie_726,Action,2007,PG-13,8.75
727,Movie_727,Adventure,1991,PG,11.32
728,Movie_728,Sci-Fi,2019,G,6.69
729,Movie_729,Comedy,2025,R,12.24
730,Movie_730,Horror,2003,PG,11.22
731,Movie_731,Drama,1995,PG-13,10.44
732,Movie_732,Horror,1991,R,12.6
733,Movie_733,Action,2010,PG,4.26
734,Movie_734,Sci-Fi,1991,G,4.21
735,Movie_735,Comedy,1995,G,5.48
736,Movie_736,Adventure,2024,PG,11.52
737,Movie_737,Sci-Fi,2009,PG,9.45
738,Movie_738,Drama,2012,G,5.42
739,Movie_739,Sci-Fi,1992,G,9.89
740,Movie_740,Drama,2024,G,11.55
741,Movie_741,Romance,1997,G,5.82
742,Movie_742,Action,1998,PG-13,5.11
743,Movie_743,Sci-Fi,2003,R,3.69
744,Movie_744,Drama,2023,R,5.05
745,Movie_745,Adventure,2015,PG,12.14
746,Movie_746,Action,2003,PG-13,8.09
747,Movie_747,Horror,2015,PG,5.08
748,Movie_748,Comedy,1993,G,9.26
749,Movie_749,Horror,2010,R,3.89
750,Movie_750,Romance,2008,R,9.65
751,Movie_751,Action,2011,R,11.19
752,Movie_752,Comedy,2021,PG,6.56
753,Movie_753,Adventure,1997,G,6.79
754,Movie_754,Comedy,2015,G,9.59
755,Movie_755,Adventure,2022,PG,7.71
756,Movie_756,Comedy,2019,G,11.54
757,Movie_757,Horror,2016,R,7.09
758,Movie_758,Drama,2005,PG-13,4.76
759,Movie_759,Action,2014,PG-13,5.55
760,Movie_760,Adventure,2016,G,3.34
761,Movie_761,Action,2019,PG-13,9.34
762,Movie_762,Comedy,2011,PG-13,7.09
763,Movie_763,Drama,1992,PG-13,12.62
764,Movie_764,Action,2002,G,4.34
765,Movie_765,Comedy,1990,PG-13,4.42
766,Movie_766,Sci-Fi,2003,R,4.33
767,Movie_767,Adventure,2022,G,5.62
768,Movie_768,Drama,2007,R,4.15
769,Movie_769,Adventure,2004,PG-13,10.93
770,Movie_770,Action,2016,G,7.17
771,Movie_771,Sci-Fi,2006,G,8.69
772,Movie_772,Comedy,2022,PG-13,12.37
773,Movie_773,Horror,2019,PG-13,11.7
774,Movie_774,Adventure,2012,G,11.55
775,Movie_775,Comedy,2011,R,4.35
776,Movie_776,Sci-Fi,1997,R,5.65
777,Movie_777,Comedy,1991,R,11.05
778,Movie_778,Horror,1997,G,10.57
779,Movie_779,Adventure,2007,G,5.02
780,Movie_780,Comedy,2022,G,8.06
781,Movie_781,Comedy,2025,R,7.42
782,Movie_782,Romance,2012,PG,10.31
783,Movie_783,Comedy,2015,PG-13,10.6
784,Movie_784,Sci-Fi,1990,PG-13,3.93
785,Movie_785,Romance,1990,G,9.22
786,Movie_786,Action,2012,PG,8.12
787,Movie_787,Romance,2016,G,4.85
788,Movie_788,Comedy,2015,PG,6.48
789,Movie_789,Adventure,2000,G,12.23
790,Movie_790,Action,2000,PG,11.93
791,Movie_791,Horror,1992,PG-13,7.49
792,Movie_792,Comedy,1990,PG-13,10.57
793,Movie_793,Action,1991,G,10.06
794,Movie_794,Sci-Fi,2007,G,8.64
795,Movie_795,Comedy,2007,PG-13,12.97
796,Movie_796,Comedy,2025,G,3.58
797,Movie_797,Sci-Fi,2009,G,12.54
798,Movie_798,Comedy,1999,PG-13,8.43
799,Movie_799,Sci-Fi,1991,R,4.5
800,Movie_800,Sci-Fi,2006,R,5.04
801,Movie_801,Comedy,2013,G,12.91
802,Movie_802,Adventure,2009,PG,4.85
803,Movie_803,Action,2006,PG,4.71
804,Movie_804,Action,1996,G,3.34
805,Movie_805,Drama,2014,R,3.98
806,Movie_806,Sci-Fi,2003,G,7.74
807,Movie_807,Comedy,2024,R,7.48
808,Movie_808,Romance,2000,G,12.33
809,Movie_809,Comedy,1992,G,8.94
810,Movie_810,Adventure,2005,R,11.92
811,Movie_811,Sci-Fi,1998,G,8.7
812,Movie_812,Comedy,2016,G,3.09
813,Movie_813,Sci-Fi,2020,PG-13,3.29
814,Movie_814,Action,2021,PG,4.36
815,Movie_815,Adventure,1990,G,10.98
816,Movie_816,Comedy,2019,G,4.89
817,Movie_817,Adventure,1992,R,4.71
818,Movie_818,Action,1996,PG,8.4
819,Movie_819,Sci-Fi,1992,R,11.84
820,Movie_820,Romance,2014,R,4.42
821,Movie_821,Action,1991,PG-13,6.15
822,Movie_822,Romance,2007,R,10.91
823,Movie_823,Sci-Fi,1997,PG,8.46
824,Movie_824,Action,2020,G,7.54
825,Movie_825,Drama,2005,R,3.53
826,Movie_826,Comedy,2004,PG-13,5.92
827,Movie_827,Adventure,1998,PG,6.6
828,Movie_828,Action,2015,G,4.43
829,Movie_829,Comedy,2003,PG-13,10.54
830,Movie_830,Comedy,1991,PG-13,6.04
831,Movie_831,Adventure,2018,R,11.82
832,Movie_832,Sci-Fi,1991,PG,9.73
833,Movie_833,Sci-Fi,2012,PG-13,3.93
834,Movie_834,Comedy,2020,R,3.78
835,Movie_835,Sci-Fi,2009,G,12.7
836,Movie_836,Romance,1998,PG-13,12.47
837,Movie_837,Adventure,2012,PG-13,4.11
838,Movie_838,Action,1998,G,4.05
839,Movie_839,Romance,1997,PG-13,12.54
840,Movie_840,Horror,1995,PG,11.04
841,Movie_841,Horror,2015,PG-13,10.32
842,Movie_842,Adventure,2024,R,5.54
843,Movie_843,Horror,2017,R,4.26
844,Movie_844,Sci-Fi,2014,G,12.07
845,Movie_845,Horror,2023,PG-13,6.11
846,Movie_846,Drama,1991,PG,7.37
847,Movie_847,Romance,2025,G,12.76
848,Movie_848,Action,1992,R,5.91
849,Movie_849,Adventure,1998,G,7.36
850,Movie_850,Action,1993,R,8.7
851,Movie_851,Romance,2023,PG,6.92
852,Movie_852,Romance,1998,PG,10.84
853,Movie_853,Comedy,2007,PG-13,8.09
854,Movie_854,Drama,2018,G,8.03
855,Movie_855,Action,2004,R,6.18
856,Movie_856,Sci-Fi,2001,PG,10.13
857,Movie_857,Action,2000,G,12.97
858,Movie_858,Comedy,2021,PG,11.65
859,Movie_859,Drama,2011,G,11.78
860,Movie_860,Adventure,2003,G,3.6
861,Movie_861,Action,2025,R,5.48
862,Movie_862,Drama,2015,R,5.38
863,Movie_863,Action,1990,G,8.15
864,Movie_864,Horror,1995,G,5.51
865,Movie_865,Sci-Fi,1990,G,8.79
866,Movie_866,Adventure,1995,R,8.67
867,Movie_867,Romance,1999,PG,4.38
868,Movie_868,Sci-Fi,2002,R,10.41
869,Movie_869,Horror,2024,R,10.39
870,Movie_870,Horror,1992,R,3.08
871,Movie_871,Adventure,2011,PG-13,8.42
872,Movie_872,Adventure,1995,R,7.79
873,Movie_873,Drama,2014,PG,3.4
874,Movie_874,Action,2022,PG-13,9.83
875,Movie_875,Comedy,2017,G,11.89
876,Movie_876,Romance,2005,R,3.81
877,Movie_877,Action,2023,G,6.17
878,Movie_878,Romance,2025,PG-13,9.93
879,Movie_879,Drama,2022,PG,10.58
880,Movie_880,Adventure,2009,PG,12.72
881,Movie_881,Comedy,2006,G,3.67
882,Movie_882,Comedy,2010,PG,5.77
883,Movie_883,Sci-Fi,1991,R,6.21
884,Movie_884,Horror,2006,PG-13,8.81
885,Movie_885,Romance,2007,R,7.31
886,Movie_886,Comedy,1993,G,3.58
887,Movie_887,Comedy,2007,G,11.09
888,Movie_888,Romance,2024,G,9.88
889,Movie_889,Comedy,1998,PG,8.12
890,Movie_890,Horror,2008,G,4.48
891,Movie_891,Sci-Fi,1999,G,8.3
892,Movie_892,Horror,1994,R,5.61
893,Movie_893,Drama,1998,R,5.26
894,Movie_894,Drama,2002,R,6.11
895,Movie_895,Comedy,2012,R,3.16
896,Movie_896,Drama,1995,PG,9.19
897,Movie_897,Adventure,2025,PG,8.51
898,Movie_898,Drama,1996,G,9.86
899,Movie_899,Action,2001,PG-13,6.45
900,Movie_900,Action,2008,R,4.13
901,Movie_901,Action,1993,R,9.01
902,Movie_902,Comedy,1993,PG-13,7.25
903,Movie_903,Action,1993,G,4.27
904,Movie_904,Comedy,2023,PG,7.57
905,Movie_905,Action,1995,PG,5.0
906,Movie_906,Comedy,2017,G,6.5
907,Movie_907,Comedy,1991,PG-13,12.46
908,Movie_908,Romance,2013,G,7.97
909,Movie_909,Sci-Fi,2017,PG-13,5.23
910,Movie_910,Adventure,2006,PG-13,6.81
911,Movie_911,Action,2009,PG,11.93
912,Movie_912,Sci-Fi,2016,PG,11.51
913,Movie_913,Drama,2014,G,4.06
914,Movie_914,Action,2011,PG,3.06
915,Movie_915,Sci-Fi,2003,PG-13,7.91
916,Movie_916,Comedy,2006,PG,6.49
917,Movie_917,Sci-Fi,1995,R,12.98
918,Movie_918,Horror,2000,PG,12.39
919,Movie_919,Adventure,1996,PG,11.25
920,Movie_920,Romance,2001,R,7.52
921,Movie_921,Action,2022,R,11.46
922,Movie_922,Romance,2014,PG-13,12.31
923,Movie_923,Adventure,2015,PG,11.55
924,Movie_924,Drama,1994,R,11.83
925,Movie_925,Sci-Fi,2024,R,8.1
926,Movie_926,Adventure,2007,PG-13,7.72
927,Movie_927,Adventure,1995,PG,8.77
928,Movie_928,Romance,2003,PG-13,3.14
929,Movie_929,Sci-Fi,1996,PG-13,8.0
930,Movie_930,Sci-Fi,2009,PG,4.25
931,Movie_931,Drama,2007,PG,6.07
932,Movie_932,Drama,2016,R,8.47
933,Movie_933,Action,1999,G,6.35
934,Movie_934,Romance,2017,PG-13,9.04
935,Movie_935,Adventure,2012,PG,6.56
936,Movie_936,Horror,2001,G,12.69
937,Movie_937,Romance,2007,PG-13,9.42
938,Movie_938,Action,1997,G,9.7
939,Movie_939,Horror,2021,PG,8.46
940,Movie_940,Action,2023,PG,7.63
941,Movie_941,Action,2017,PG,6.06
942,Movie_942,Drama,2008,PG,10.23
943,Movie_943,Horror,2023,PG-13,8.86
944,Movie_944,Sci-Fi,2024,G,12.92
945,Movie_945,Sci-Fi,2006,G,6.46
946,Movie_946,Action,1996,G,4.81
947,Movie_947,Comedy,2013,PG-13,4.95
948,Movie_948,Romance,2007,G,11.01
949,Movie_949,Comedy,2005,G,4.17
950,Movie_950,Sci-Fi,1993,PG-13,9.1
951,Movie_951,Horror,2017,G,11.23
952,Movie_952,Comedy,2021,PG,3.99
953,Movie_953,Romance,2022,R,3.52
954,Movie_954,Action,2002,PG,3.61
955,Movie_955,Romance,2002,G,8.94
956,Movie_956,Horror,1993,G,3.88
957,Movie_957,Drama,1992,G,5.09
958,Movie_958,Sci-Fi,1997,PG,4.06
959,Movie_959,Romance,2021,G,8.89
960,Movie_960,Sci-Fi,2025,R,3.45
961,Movie_961,Romance,1996,R,11.83
962,Movie_962,Comedy,2012,G,10.21
963,Movie_963,Drama,1996,PG-13,11.44
964,Movie_964,Romance,2019,PG-13,11.66
965,Movie_965,Action,1997,G,5.05
966,Movie_966,Sci-Fi,2011,PG,6.37
967,Movie_967,Comedy,1997,G,7.72
968,Movie_968,Comedy,2025,R,8.22
969,Movie_969,Action,2020,PG,10.78
970,Movie_970,Horror,1993,PG,7.67
971,Movie_971,Sci-Fi,1996,R,3.26
972,Movie_972,Romance,2022,G,10.78
973,Movie_973,Sci-Fi,1999,PG,11.93
974,Movie_974,Romance,2014,PG-13,7.8
975,Movie_975,Adventure,1997,PG,7.84
976,Movie_976,Adventure,2004,G,7.46
977,Movie_977,Sci-Fi,2025,G,11.99
978,Movie_978,Action,2001,PG-13,8.46
979,Movie_979,Romance,2025,PG-13,10.83
980,Movie_980,Sci-Fi,2022,G,3.14
981,Movie_981,Romance,2006,PG-13,4.93
982,Movie_982,Adventure,1998,PG,11.75
983,Movie_983,Comedy,2000,G,6.9
984,Movie_984,Action,2014,R,8.5
985,Movie_985,Adventure,2019,PG-13,6.97
986,Movie_986,Sci-Fi,1991,R,11.0
987,Movie_987,Romance,2012,G,7.36
988,Movie_988,Romance,1997,PG,8.77
989,Movie_989,Drama,1999,G,6.21
990,Movie_990,Romance,1997,R,11.94
991,Movie_991,Adventure,1999,R,3.72
992,Movie_992,Sci-Fi,1990,PG,4.97
993,Movie_993,Action,2023,PG-13,11.92
994,Movie_994,Comedy,2008,PG,10.02
995,Movie_995,Romance,1997,PG,8.77
996,Movie_996,Drama,2024,PG-13,8.02
997,Movie_997,Comedy,1991,G,6.0
998,Movie_998,Action,2017,G,11.13
999,Movie_999,Drama,2004,G,4.46
1000,Movie_1000,Drama,1994,R,7.75
